ASV,sequence,description,max_score,total_score,query_cover,E_value,percent_id,accession,lineage
ASV1,AACCAATGGCCTCCTGAACGTGCGTTGCACTCTTGGGATTTCCTGAGAGTATGTCTGCTTCAGCGCTTAACTTGCCCCAACTTTGCAAGCACTCTTCTGCCTTGCGTTCTTATGAGCTATTGCCCTCTCTGAGCCAATGGCTTGTTAATTGCTTGGTTCTTGCAAAATGCTTTGCGCGCTGTTATTCAAGTTTCTACCTTCGTGGTTTTACTTGAGTGACGCTGCTCATGCTTGCAACCGCTGGGATGCAGGTGCATGCCTCTAGCATGAAGTCAGACAAGTGAACCCGCTGAATTT,"Symbiodinium sp. C31 5.8S ribosomal RNA gene, partial sequence; internal transcribed spacer 2, complete sequence; and 24S ribosomal RNA gene, partial sequence",525,525,95%,4.00E-145,100.00%,AY258496.1,C31
ASV2,AACCAATGGCCTCCTGAACGTGCGTTGCACTCTTGGGATTTCCTGAGAGTATGTCTGCTTCAGTGCTTAACTTGCCCCAACTTTGCAAGCAGGATGTGTTTCTGCCTTGCGTTCTTATGAGCTATTGCCCTCTGAGCCAATGGCTTGTTAATTGCTTGGTTCTTGCAAAATGCTTTGCGCGCTGTTATTCAGGTTTCTACCTTCGTGGTTTTACTTGAGTGACGCTGCTCATGCTTGCAACCGCTGGGATGCAGGTGCATGCCTCTAGCATGAAGTCAGACAAGTGAACCCGCTGAATTT,"Symbiodinium sp. type C1 clone C1_3134 18S ribosomal RNA gene, partial sequence; internal transcribed spacer 1, 5.8S ribosomal RNA gene, and internal transcribed spacer 2, complete sequence; and 28S ribosomal RNA gene, partial sequence [NOTE: there are many MANY 100% matches here, this is just one of them]",555,555,100%,5.00E-154,100.00%,EU074966.1,C1
ASV3,AATCAATGGCCTCCTGAACGTGCGTTGCACTCTTGGGATTTCCTGAGAGTATGTCTGCTTCAGTGCTTAACTTGCCCCAACTTTGCAAGCAGGATGTGTTTCTGCCTTGCGTTCTTATGAGCTATTGCCCTCTGAGCCAATGGCTTGTTAATTGCTTGGTTCTTGCAAAATGCTTTGCGCGCTGTTATTCAAGTTTCTACCTTCGTGGTTTTACTTGAGTGACGCTGCTCATGCTTGCAACCGCTGGGATGCAGGTGCATGCCTCTAGCATGAAGTCAGATAAGTGAACCCGCTGAATTT,"Cladocopium sp. C3 clone #HH1-3f 5.8S ribosomal RNA gene, partial sequence; internal transcribed spacer 2, complete sequence; and large subunit ribosomal RNA gene, partial sequence",549,549,100%,2.00E-152,99.67%,MN394935.1,C3
ASV4,AACCAATGGCCTCCTGAACGTGCGTTGCACCCTTGGGATTTCCTGAGAGTATGTCTGCTTCAGTGCTTAACTTGCCCCAACTTTGCAAGCAGGATGTGTTTCTGCCTTGCGTTCTTATGAGCTATTGCCTTCTGCGCCAATGGCTTGTTAATTGCTTGGTTCTTGCAAAATGCTTTGCGCGCTGTTATTCAAGTTTCTACCTTCGCGGTTTTACTTGAGTGACGCTGCTCATGCTTGCAACCGCTGGGATGCAGGTGCATGCCTCTAGCATGAAGTCAGACAAGTGAACCCGCTGAATTT,"Symbiodinium sp. C15 voucher X2361 clone 3 5.8S ribosomal RNA gene, partial sequence; internal transcribed spacer 2, complete sequence; and 28S ribosomal RNA gene, partial sequence [NOTE: this is the first blast result that shows a type.]",555,555,100%,5.00E-154,100.00%,JN558044.1,C15
ASV5,AATCAATGGCCTCCTGAACGTGCGTTGCACTCTTGGGATTTCCTGAGAGTATGTCTGCTTCAGTGCTTAACTTGCCCCAACTTTGCAAGCAGGATGTGTTTCTGCCTTGCGTTCTTATGCGCTATTGCCCTCTGAGCCAATGGCTTGTGAATTGCTTGGTTCTTGCAAAATGCTTTGCGCGCTGTTATTCAGGTTTCTACCTTCGTGGTTTTACTTGAGTGACGCTGCTCATGCTTGCAACCGCTGGGATGCAGGTGCATGCCTCTAGCATGAAGTCAGACAAGTGAACCCGCTGAATTT,"Cladocopium sp. C42 clone #HH2-4f 5.8S ribosomal RNA gene, partial sequence; internal transcribed spacer 2, complete sequence; and large subunit ribosomal RNA gene, partial sequence",555,555,100%,5.00E-154,100.00%,MN394940.1,C42
ASV6,AACCAATGGCCCCCTGAACGCGCATTGCACTCTTGGGACTTCCTGAGAGTATGTTTGCTTCAGTGCTTATTTTACCTCCTTGCAAGGTTCTGTCGCAACCTTGTGCCCTGGCCAGCCATGGGTTAACTTGCCCATGGCTTGCTGAGTAGTGATCTTTTAGAGCAAGCTCTGGCACGCTGTTGTTTGAGGCAGCCTATATTGAGGCTATTTCAAATGACGTTGCTACAAGCTTGATGTGTCCTTCTGCGCCGTTGCGCATCCCATAGCATGAAGTCAAACAAGAGAACCCGCTGAATTT,"Durusdinium sp. D1 clone #LHT2-2f 5.8S ribosomal RNA gene, partial sequence; internal transcribed spacer 2, complete sequence; and large subunit ribosomal RNA gene, partial sequence",551,551,100%,7.00E-153,100.00%,MN394923.1,D1
ASV9,AACCAATGGCCTCCTGAACGTGCGTTGCACCCTTGGGATTTCCTGAGAGTATGTCTGCTTCAGTGCTTAACTTGCCCCAACTTTGCAAGCAGGATGTGTTTCTGCCTTGCGTTCTTATGAGCTGTTGCCTTCTGCGCCAATGGCTTGTTAATTGCTTGGTTCTTCTTGCGAAATGCTTTGCGCGCTGTTATTCAAGTTTCTACCTTCGCGGTTTTACTTGAGTGACGCTGCTCATGCTTGCAACCGCTGGGATGCAGGTGCATGCCTCTAGCATGAAGTCAGACAAGTGAACCCGCTGAATTT,"Symbiodinium sp. C15 voucher X2361 clone 3 5.8S ribosomal RNA gene, partial sequence; internal transcribed spacer 2, complete sequence; and 28S ribosomal RNA gene, partial sequence",529,529,100%,3.00E-146,98.35%,JN558044.1,C15
ASV10,AACCAATGGCCTCCTGAATGTGCGTTGCACTCTTGGGATTTCCTGAGAGTATGTCTGCTTCAGTGCTTAACTTGCCCCAACTTTGCAAGCAGGATGTGTTTCTGCCTTGCGTTCGTATGAGCTATTGCCCTCTGAGCCAATGGCTTGTTAATTGCTTGGTTCTTGCAAAATGCTTTGCGCGCTGTTATTCAAGTTTCTACCTTCGTGGTTTTACTTGAGTGACGCTGCTCATGCTTGCAACCGCTGGGATGCAGGTGCATGCCTCTAGCATGAAGTCAGACAAGTGAACCCGCTGAATTT,"Symbiodinium sp. subtype C3 ex. Pteraeolidia ianthina genes for 5.8S rRNA, ITS2, 28S rRNA, partial and complete sequence, clone: BLB001-b-03 [NOTE: first with type]",544,544,100%,1.00E-150,99.33%,AB778606.1,C3
ASV25,AACCAATGGCCTCCTGAACGTGCGTTGCACTCTTGGGATTTCCTGAGAGTATGTCTGCTTCAGTGCTTAACTTGCCCCAACTTTGCAAGCAGATGTGTTTCTGCCTTGCGTTCTTATGAGCTATTGCCCTCTGAGCCAATGGCTTGTTAATTGCTTGGTTCTTGCAAAATGCTTTGCGCGCTGTTATTCAGGTTTCTACCTTCGTGGTTTTACTTGAGTGACGCTGCTCATGCTTGCAACCGCTGGGATGCAGGTGCATGCCTCTAGCATGAAGTCAGACAAGTGAACCCGCTGAATTT,"Cladocopium sp. C1b clone #HH2-3c 5.8S ribosomal RNA gene, partial sequence; internal transcribed spacer 2, complete sequence; and large subunit ribosomal RNA gene, partial sequence",553,553,100%,2.00E-153,100.00%,MN394975.1,C1
ASV29,AAACCAATGGCCTCCTGAACGTGCGTTGCACCCTTGGGATTTCCTGAGAGTATGTCTGCTTCAGTGCTTAACTTGCCCCAACTTTGCAAGCAGCATGTGTTTCTGCCTTGCGTTCTTATGAGCTATTGCCTTCTGCGCCAATGGCTTGTTAATTGCTTGGTTCTTGCAAAATGCTTTGCGCGCTGTTATTCAAGTTTCTACCTTCGCGGTTTTACTTGAGTGACGCTGCTCATGCTTGCAACCGCTGGGATGCAGGTGCATGCCTCTAGCATGAAGTCAGACAAGTGAACCCGCTGAATTT,"Symbiodinium sp. C15 voucher X2361 clone 3 5.8S ribosomal RNA gene, partial sequence; internal transcribed spacer 2, complete sequence; and 28S ribosomal RNA gene, partial sequence [NOTE: this is the first blast result that shows a type.]",549,549,99%,2.00E-152,99.67%,JN558044.1,C15
ASV34,AAACCAATGGCCTCCTGAACGTGCGTTGCACCCTTGGGATTTCCTGAGAGTATGTCTGCTTCAGTGCTTAACTTGCCCCAACTTTGCAAGCAGGATGTGTTTCTGCCTTGCGTTCTTATGAGCTATTGCCTTCTGCGCCAATGGCTTGTTAATTGCTTGGTTCTTGCAAAATGCTTTGCGCGCTGTTATTCAAGTTTCTACCTTCGCGGTTTTACTTGAGTGACGCTGCTCATGCTTGCAACCGCTGGGATGCAGGTGCATGCCTCTAGCATGAAGTCAGACAAGTGAACCCGCTGAATTT,"Symbiodinium sp. C15 voucher X2361 clone 3 5.8S ribosomal RNA gene, partial sequence; internal transcribed spacer 2, complete sequence; and 28S ribosomal RNA gene, partial sequence [NOTE: this is the first blast result that shows a type.]",555,555,99%,5.00E-154,100.00%,JN558044.1,C15
ASV58,AACCAATGGCCTCCTGAACGTGCGTTGCACTCTTGGGATTTCCTGAGAGTATGTCTGCTTCAGTGCTTAACTTGCCCCAACTTTGCAAGCAGGATGTGTTTCTGCCTTGCGTTCTTATGAGCTATTGCCCTCTGAGCCAATGGCTTGTTAATTGCTTGGTTCTTGCAAAATGCTTTGCGCGCTGTTATTCAAGTTTCTACCTTCGTGGTTTTACTTGAGTGACGCTGCTCATGCTTGCAACCGCTGGGATGCAGGTGCATGCCTCTAGCATGAAGTCAGATAAGTGAACCCGCTGAATTT,"Symbiodinium sp. subtype C3 ex. Pteraeolidia ianthina genes for 5.8S rRNA, ITS2, 28S rRNA, partial and complete sequence, clone: BLB001-b-03",549,549,100%,2.00E-152,99.67%,AB778606.1,C3
ASV153,AACCAATGGCCTCCTGAACGTGCGTTGCACCCTTGGGATTTCCTGAGAGTATGTCTGCTTCAGTGCTTAACTTGCCCCAACTTTGCAAGCAGGATGTGTTTCTGCCTTGCGTTCTTATGAGCTATTGCCTTCTGCGCCAATGGCTTGTTAATTGCTTGGTTCTTGCAAAATGCTTTGCGCGCTGTTACTCAAGTTTCTACCTTCGCGGTTTTACTTGAGTGACGCTGCTCATGCTTGCAACCGCTGGGATGCAGGTGCATGCCTCTAGCATGAAGTCAGGCAAGTGAACCCGCTGAATTT,"Symbiodinium sp. C15 voucher X2361 clone 3 5.8S ribosomal RNA gene, partial sequence; internal transcribed spacer 2, complete sequence; and 28S ribosomal RNA gene, partial sequence [NOTE: this is the first blast result that shows a type.]",544,544,100%,1.00E-150,99.33%,JN558044.1,C15
ASV155,AATCAATGGCCTCCTGAACGTGCGTTGCACCCTTGGGATTTCCTGAGAGTATGTCTGCTTCAGTGCTTAACTTGCCCCAACTTTGCAAGCAGGATGTGTTTCTGCCTTGCGTTCTTCTGAGCTATTGCCTTCTGCGCCAATGGCTTGTTAATTGCTTGGTTCTTGCAAAATGCTTTGCGCGCTGCTACTCAAGTTTCTACCTTCGCGGTTTTACTTGAGTGACGCTGCTCATGCTTGCAACCGCTGGGATGCAGGTGCATGCCTCTAGCATGAAGTCAGGCAAGTGAACCCGCTGAATTT,"Symbiodinium sp. C15 voucher X2361 clone 3 5.8S ribosomal RNA gene, partial sequence; internal transcribed spacer 2, complete sequence; and 28S ribosomal RNA gene, partial sequence [NOTE: this is the first blast result that shows a type.]",527,527,100%,1.00E-145,98.33%,JN558044.1,C15
ASV162,AACCAATGGCCTCCTGAACGTGCGTTGCACTCTTGGGTTTTCCTGAGAGTATGTCTGCTTCGGTGCTTAACTTGCCCCAACTTTGCAAGCAGGATGTGTTTCTGCCTTGCGTTCTTATGAGCTATTGCCCTCTGAGCCAATGGCTTGTTAATTGCTTGGTTCTTGCAAAATGCTTTGCGCGCTGTTATTCAAGTTTCTACCTTCGTGGTTTTACTTGAGTGACGCTGCTCATGCTTGCAACCGCTGGGATGCAGGTGCATGCCTCTAGCATGAAGTCAGATAAGTGAACCCGCTGAATTT,"Symbiodinium sp. subtype C3 ex. Pteraeolidia ianthina genes for 5.8S rRNA, ITS2, 28S rRNA, partial and complete sequence, clone: BLB001-b-03 [NOTE: first with type]",538,538,100%,5.00E-149,99.00%,AB778606.1,C3
